Squad,MP,GF,GA,W,D,L,goals_scored_per_game,goals_conceded_per_game,win_ratio
Afghanistan,12.0,6.0,13.0,2.0,4.0,6.0,0.5,1.0833333333333333,0.16666666666666666
Albania,26.0,26.0,27.0,10.0,4.0,12.0,1.0,1.0384615384615385,0.38461538461538464
Algeria,38.0,87.0,28.0,26.0,8.0,4.0,2.289473684210526,0.7368421052631579,0.6842105263157895
American Samoa,3.0,2.0,13.0,0.0,0.0,3.0,0.6666666666666666,4.333333333333333,0.0
Andorra,23.0,6.0,37.0,1.0,5.0,17.0,0.2608695652173913,1.608695652173913,0.043478260869565216
Angola,28.0,33.0,22.0,11.0,11.0,6.0,1.1785714285714286,0.7857142857142857,0.39285714285714285
Anguilla,16.0,11.0,42.0,3.0,2.0,11.0,0.6875,2.625,0.1875
Antigua and Barbuda,12.0,4.0,24.0,0.0,3.0,9.0,0.3333333333333333,2.0,0.0
Argentina,27.0,59.0,12.0,21.0,3.0,3.0,2.185185185185185,0.4444444444444444,0.7777777777777778
Armenia,21.0,21.0,52.0,4.0,2.0,15.0,1.0,2.4761904761904763,0.19047619047619047
Aruba,16.0,21.0,32.0,4.0,3.0,9.0,1.3125,2.0,0.25
Australia,29.0,53.0,19.0,18.0,5.0,6.0,1.8275862068965518,0.6551724137931034,0.6206896551724138
Austria,27.0,62.0,22.0,17.0,5.0,5.0,2.2962962962962963,0.8148148148148148,0.6296296296296297
Azerbaijan,22.0,20.0,48.0,3.0,5.0,14.0,0.9090909090909091,2.1818181818181817,0.13636363636363635
Bahamas,12.0,13.0,47.0,1.0,1.0,10.0,1.0833333333333333,3.9166666666666665,0.08333333333333333
Bahrain,33.0,36.0,47.0,11.0,6.0,16.0,1.0909090909090908,1.4242424242424243,0.3333333333333333
Bangladesh,17.0,13.0,27.0,4.0,4.0,9.0,0.7647058823529411,1.588235294117647,0.23529411764705882
Barbados,16.0,31.0,34.0,5.0,3.0,8.0,1.9375,2.125,0.3125
Basque Country,2.0,4.0,1.0,1.0,1.0,0.0,2.0,0.5,0.5
Belarus,22.0,22.0,37.0,6.0,7.0,9.0,1.0,1.6818181818181819,0.2727272727272727
Belgium,27.0,56.0,26.0,12.0,8.0,7.0,2.074074074074074,0.9629629629629629,0.4444444444444444
Belize,18.0,29.0,35.0,8.0,2.0,8.0,1.6111111111111112,1.9444444444444444,0.4444444444444444
Benin,24.0,24.0,30.0,10.0,4.0,10.0,1.0,1.25,0.4166666666666667
Bermuda,21.0,34.0,58.0,7.0,2.0,12.0,1.619047619047619,2.761904761904762,0.3333333333333333
Bhutan,10.0,3.0,26.0,1.0,1.0,8.0,0.3,2.6,0.1
Bolivia,29.0,26.0,54.0,9.0,3.0,17.0,0.896551724137931,1.8620689655172413,0.3103448275862069
Bonaire,12.0,11.0,24.0,2.0,2.0,8.0,0.9166666666666666,2.0,0.16666666666666666
Bosnia and Herzegovina,22.0,29.0,35.0,6.0,7.0,9.0,1.3181818181818181,1.5909090909090908,0.2727272727272727
Botswana,20.0,15.0,31.0,5.0,4.0,11.0,0.75,1.55,0.25
Brazil,27.0,49.0,27.0,13.0,9.0,5.0,1.8148148148148149,1.0,0.48148148148148145
British Virgin Islands,17.0,17.0,30.0,3.0,4.0,10.0,1.0,1.7647058823529411,0.17647058823529413
Brunei,15.0,12.0,28.0,6.0,1.0,8.0,0.8,1.8666666666666667,0.4
Bulgaria,23.0,24.0,40.0,6.0,7.0,10.0,1.0434782608695652,1.7391304347826086,0.2608695652173913
Burkina Faso,35.0,60.0,38.0,18.0,6.0,11.0,1.7142857142857142,1.0857142857142856,0.5142857142857142
Burundi,18.0,14.0,29.0,4.0,3.0,11.0,0.7777777777777778,1.6111111111111112,0.2222222222222222
Cambodia,16.0,20.0,30.0,3.0,4.0,9.0,1.25,1.875,0.1875
Cameroon,29.0,39.0,23.0,14.0,9.0,6.0,1.3448275862068966,0.7931034482758621,0.4827586206896552
Canada,31.0,40.0,23.0,14.0,12.0,5.0,1.2903225806451613,0.7419354838709677,0.45161290322580644
Cape Verde,30.0,39.0,28.0,14.0,9.0,7.0,1.3,0.9333333333333333,0.4666666666666667
Cayman Islands,14.0,12.0,24.0,5.0,2.0,7.0,0.8571428571428571,1.7142857142857142,0.35714285714285715
Central African Republic,17.0,23.0,34.0,6.0,1.0,10.0,1.3529411764705883,2.0,0.35294117647058826
Chad,20.0,12.0,33.0,2.0,6.0,12.0,0.6,1.65,0.1
Chile,24.0,31.0,33.0,8.0,5.0,11.0,1.2916666666666667,1.375,0.3333333333333333
China PR,21.0,19.0,32.0,5.0,5.0,11.0,0.9047619047619048,1.5238095238095237,0.23809523809523808
Colombia,29.0,60.0,28.0,16.0,6.0,7.0,2.0689655172413794,0.9655172413793104,0.5517241379310345
Comoros,28.0,32.0,34.0,9.0,8.0,11.0,1.1428571428571428,1.2142857142857142,0.32142857142857145
Congo,11.0,7.0,24.0,1.0,3.0,7.0,0.6363636363636364,2.1818181818181817,0.09090909090909091
Cook Islands,3.0,2.0,4.0,1.0,0.0,2.0,0.6666666666666666,1.3333333333333333,0.3333333333333333
Costa Rica,33.0,66.0,39.0,14.0,12.0,7.0,2.0,1.1818181818181819,0.42424242424242425
Croatia,26.0,51.0,29.0,14.0,6.0,6.0,1.9615384615384615,1.1153846153846154,0.5384615384615384
Cuba,20.0,25.0,32.0,6.0,5.0,9.0,1.25,1.6,0.3
Curaçao,23.0,47.0,24.0,11.0,6.0,6.0,2.0434782608695654,1.0434782608695652,0.4782608695652174
Cyprus,22.0,29.0,41.0,6.0,4.0,12.0,1.3181818181818181,1.8636363636363635,0.2727272727272727
Czech Republic,26.0,51.0,31.0,14.0,7.0,5.0,1.9615384615384615,1.1923076923076923,0.5384615384615384
DR Congo,34.0,41.0,19.0,18.0,10.0,6.0,1.2058823529411764,0.5588235294117647,0.5294117647058824
Denmark,27.0,48.0,26.0,12.0,10.0,5.0,1.7777777777777777,0.9629629629629629,0.4444444444444444
Djibouti,12.0,6.0,30.0,0.0,3.0,9.0,0.5,2.5,0.0
Dominica,16.0,14.0,39.0,2.0,4.0,10.0,0.875,2.4375,0.125
Dominican Republic,24.0,55.0,31.0,11.0,5.0,8.0,2.2916666666666665,1.2916666666666667,0.4583333333333333
East Turkestan,3.0,7.0,11.0,1.0,0.0,2.0,2.3333333333333335,3.6666666666666665,0.3333333333333333
Ecuador,28.0,29.0,16.0,11.0,13.0,4.0,1.0357142857142858,0.5714285714285714,0.39285714285714285
Egypt,36.0,53.0,28.0,18.0,14.0,4.0,1.4722222222222223,0.7777777777777778,0.5
El Salvador,29.0,28.0,35.0,10.0,7.0,12.0,0.9655172413793104,1.206896551724138,0.3448275862068966
England,29.0,56.0,18.0,18.0,5.0,6.0,1.9310344827586208,0.6206896551724138,0.6206896551724138
Equatorial Guinea,29.0,31.0,35.0,9.0,8.0,12.0,1.0689655172413792,1.206896551724138,0.3103448275862069
Estonia,24.0,24.0,50.0,4.0,5.0,15.0,1.0,2.0833333333333335,0.16666666666666666
Eswatini,16.0,13.0,31.0,1.0,6.0,9.0,0.8125,1.9375,0.0625
Ethiopia,16.0,15.0,26.0,4.0,3.0,9.0,0.9375,1.625,0.25
Faroe Islands,21.0,24.0,24.0,8.0,3.0,10.0,1.1428571428571428,1.1428571428571428,0.38095238095238093
Fiji,20.0,32.0,38.0,7.0,5.0,8.0,1.6,1.9,0.35
Finland,23.0,24.0,44.0,6.0,3.0,14.0,1.0434782608695652,1.9130434782608696,0.2608695652173913
France,28.0,51.0,26.0,17.0,6.0,5.0,1.8214285714285714,0.9285714285714286,0.6071428571428571
French Guiana,6.0,7.0,11.0,0.0,2.0,4.0,1.1666666666666667,1.8333333333333333,0.0
Frøya,4.0,1.0,22.0,0.0,0.0,4.0,0.25,5.5,0.0
Gabon,24.0,39.0,40.0,10.0,4.0,10.0,1.625,1.6666666666666667,0.4166666666666667
Galicia,1.0,0.0,2.0,0.0,0.0,1.0,0.0,2.0,0.0
Gambia,22.0,40.0,36.0,7.0,5.0,10.0,1.8181818181818181,1.6363636363636365,0.3181818181818182
Georgia,26.0,40.0,35.0,10.0,6.0,10.0,1.5384615384615385,1.3461538461538463,0.38461538461538464
Germany,28.0,67.0,25.0,19.0,5.0,4.0,2.392857142857143,0.8928571428571429,0.6785714285714286
Ghana,27.0,39.0,35.0,8.0,8.0,11.0,1.4444444444444444,1.2962962962962963,0.2962962962962963
Gibraltar,21.0,13.0,39.0,3.0,5.0,13.0,0.6190476190476191,1.8571428571428572,0.14285714285714285
Gozo,3.0,3.0,5.0,0.0,2.0,1.0,1.0,1.6666666666666667,0.0
Greece,22.0,40.0,21.0,12.0,3.0,7.0,1.8181818181818181,0.9545454545454546,0.5454545454545454
Greenland,1.0,0.0,5.0,0.0,0.0,1.0,0.0,5.0,0.0
Grenada,20.0,27.0,36.0,7.0,3.0,10.0,1.35,1.8,0.35
Guadeloupe,11.0,15.0,14.0,5.0,1.0,5.0,1.3636363636363635,1.2727272727272727,0.45454545454545453
Guam,7.0,12.0,19.0,2.0,1.0,4.0,1.7142857142857142,2.7142857142857144,0.2857142857142857
Guatemala,31.0,43.0,45.0,11.0,8.0,12.0,1.3870967741935485,1.4516129032258065,0.3548387096774194
Guinea,26.0,40.0,22.0,12.0,6.0,8.0,1.5384615384615385,0.8461538461538461,0.46153846153846156
Guinea-Bissau,22.0,15.0,37.0,2.0,6.0,14.0,0.6818181818181818,1.6818181818181819,0.09090909090909091
Guyana,20.0,39.0,34.0,10.0,1.0,9.0,1.95,1.7,0.5
Haiti,23.0,59.0,24.0,14.0,4.0,5.0,2.5652173913043477,1.0434782608695652,0.6086956521739131
Hitra,4.0,13.0,10.0,2.0,0.0,2.0,3.25,2.5,0.5
Honduras,29.0,45.0,36.0,13.0,7.0,9.0,1.5517241379310345,1.2413793103448276,0.4482758620689655
Hong Kong,29.0,46.0,34.0,12.0,6.0,11.0,1.5862068965517242,1.1724137931034482,0.41379310344827586
Hungary,25.0,28.0,37.0,9.0,6.0,10.0,1.12,1.48,0.36
Iceland,26.0,40.0,46.0,9.0,4.0,13.0,1.5384615384615385,1.7692307692307692,0.34615384615384615
India,20.0,9.0,25.0,1.0,7.0,12.0,0.45,1.25,0.05
Indonesia,32.0,35.0,53.0,10.0,6.0,16.0,1.09375,1.65625,0.3125
Iran,29.0,60.0,23.0,19.0,6.0,4.0,2.0689655172413794,0.7931034482758621,0.6551724137931034
Iraq,34.0,46.0,31.0,20.0,5.0,9.0,1.3529411764705883,0.9117647058823529,0.5882352941176471
Isle of Man,5.0,23.0,7.0,4.0,0.0,1.0,4.6,1.4,0.8
Israel,21.0,33.0,42.0,8.0,3.0,10.0,1.5714285714285714,2.0,0.38095238095238093
Italy,27.0,50.0,32.0,16.0,5.0,6.0,1.8518518518518519,1.1851851851851851,0.5925925925925926
Ivory Coast,35.0,60.0,23.0,22.0,6.0,7.0,1.7142857142857142,0.6571428571428571,0.6285714285714286
Jamaica,37.0,47.0,37.0,18.0,8.0,11.0,1.2702702702702702,1.0,0.4864864864864865
Japan,29.0,77.0,18.0,21.0,4.0,4.0,2.6551724137931036,0.6206896551724138,0.7241379310344828
Jersey,3.0,6.0,5.0,1.0,1.0,1.0,2.0,1.6666666666666667,0.3333333333333333
Jordan,43.0,76.0,52.0,20.0,11.0,12.0,1.7674418604651163,1.2093023255813953,0.46511627906976744
Kazakhstan,23.0,20.0,43.0,6.0,3.0,14.0,0.8695652173913043,1.8695652173913044,0.2608695652173913
Kenya,22.0,25.0,31.0,6.0,9.0,7.0,1.1363636363636365,1.4090909090909092,0.2727272727272727
Kosovo,22.0,36.0,26.0,13.0,3.0,6.0,1.6363636363636365,1.1818181818181819,0.5909090909090909
Kuwait,28.0,27.0,50.0,4.0,11.0,13.0,0.9642857142857143,1.7857142857142858,0.14285714285714285
Kyrgyzstan,21.0,27.0,34.0,5.0,6.0,10.0,1.2857142857142858,1.619047619047619,0.23809523809523808
Laos,12.0,13.0,33.0,1.0,3.0,8.0,1.0833333333333333,2.75,0.08333333333333333
Latvia,20.0,12.0,30.0,3.0,7.0,10.0,0.6,1.5,0.15
Lebanon,22.0,30.0,21.0,8.0,6.0,8.0,1.3636363636363635,0.9545454545454546,0.36363636363636365
Lesotho,20.0,13.0,30.0,5.0,4.0,11.0,0.65,1.5,0.25
Liberia,19.0,18.0,27.0,5.0,6.0,8.0,0.9473684210526315,1.4210526315789473,0.2631578947368421
Libya,21.0,27.0,18.0,9.0,8.0,4.0,1.2857142857142858,0.8571428571428571,0.42857142857142855
Liechtenstein,22.0,8.0,57.0,2.0,4.0,16.0,0.36363636363636365,2.590909090909091,0.09090909090909091
Lithuania,22.0,17.0,34.0,4.0,5.0,13.0,0.7727272727272727,1.5454545454545454,0.18181818181818182
Luxembourg,20.0,6.0,33.0,1.0,4.0,15.0,0.3,1.65,0.05
Macau,6.0,2.0,18.0,0.0,0.0,6.0,0.3333333333333333,3.0,0.0
Madagascar,19.0,27.0,29.0,7.0,4.0,8.0,1.4210526315789473,1.5263157894736843,0.3684210526315789
Malawi,17.0,17.0,21.0,5.0,3.0,9.0,1.0,1.2352941176470589,0.29411764705882354
Malaysia,26.0,40.0,34.0,12.0,7.0,7.0,1.5384615384615385,1.3076923076923077,0.46153846153846156
Maldives,12.0,8.0,22.0,2.0,1.0,9.0,0.6666666666666666,1.8333333333333333,0.16666666666666666
Mali,29.0,43.0,18.0,13.0,11.0,5.0,1.4827586206896552,0.6206896551724138,0.4482758620689655
Malta,20.0,16.0,39.0,5.0,5.0,10.0,0.8,1.95,0.25
Marshall Islands,2.0,2.0,7.0,0.0,0.0,2.0,1.0,3.5,0.0
Martinique,11.0,7.0,13.0,1.0,5.0,5.0,0.6363636363636364,1.1818181818181819,0.09090909090909091
Mauritania,27.0,13.0,32.0,4.0,8.0,15.0,0.48148148148148145,1.1851851851851851,0.14814814814814814
Mauritius,13.0,8.0,20.0,1.0,3.0,9.0,0.6153846153846154,1.5384615384615385,0.07692307692307693
Mexico,36.0,47.0,30.0,19.0,9.0,8.0,1.3055555555555556,0.8333333333333334,0.5277777777777778
Moldova,21.0,19.0,50.0,5.0,3.0,13.0,0.9047619047619048,2.380952380952381,0.23809523809523808
Mongolia,9.0,5.0,22.0,2.0,0.0,7.0,0.5555555555555556,2.4444444444444446,0.2222222222222222
Montenegro,23.0,25.0,37.0,9.0,1.0,13.0,1.0869565217391304,1.608695652173913,0.391304347826087
Montserrat,10.0,6.0,20.0,2.0,0.0,8.0,0.6,2.0,0.2
Morocco,42.0,99.0,14.0,35.0,6.0,1.0,2.357142857142857,0.3333333333333333,0.8333333333333334
Mozambique,26.0,33.0,40.0,10.0,6.0,10.0,1.2692307692307692,1.5384615384615385,0.38461538461538464
Myanmar,17.0,17.0,42.0,4.0,4.0,9.0,1.0,2.4705882352941178,0.23529411764705882
Namibia,23.0,11.0,31.0,3.0,8.0,12.0,0.4782608695652174,1.3478260869565217,0.13043478260869565
Nepal,15.0,9.0,29.0,2.0,4.0,9.0,0.6,1.9333333333333333,0.13333333333333333
Netherlands,29.0,71.0,28.0,15.0,9.0,5.0,2.4482758620689653,0.9655172413793104,0.5172413793103449
New Caledonia,7.0,12.0,8.0,4.0,1.0,2.0,1.7142857142857142,1.1428571428571428,0.5714285714285714
New Zealand,25.0,58.0,25.0,12.0,3.0,10.0,2.32,1.0,0.48
Nicaragua,22.0,21.0,31.0,6.0,5.0,11.0,0.9545454545454546,1.4090909090909092,0.2727272727272727
Niger,20.0,28.0,26.0,7.0,4.0,9.0,1.4,1.3,0.35
Nigeria,39.0,64.0,31.0,21.0,14.0,4.0,1.641025641025641,0.7948717948717948,0.5384615384615384
North Korea,16.0,16.0,26.0,2.0,5.0,9.0,1.0,1.625,0.125
North Macedonia,24.0,26.0,28.0,8.0,9.0,7.0,1.0833333333333333,1.1666666666666667,0.3333333333333333
Northern Ireland,22.0,28.0,26.0,9.0,5.0,8.0,1.2727272727272727,1.1818181818181819,0.4090909090909091
Northern Mariana Islands,2.0,4.0,3.0,1.0,1.0,0.0,2.0,1.5,0.5
Norway,23.0,64.0,22.0,15.0,4.0,4.0,2.782608695652174,0.9565217391304348,0.6521739130434783
Oman,34.0,34.0,31.0,12.0,12.0,10.0,1.0,0.9117647058823529,0.35294117647058826
Orkney,4.0,10.0,7.0,3.0,0.0,1.0,2.5,1.75,0.75
Pakistan,9.0,1.0,25.0,0.0,2.0,7.0,0.1111111111111111,2.7777777777777777,0.0
Palestine,27.0,26.0,34.0,6.0,10.0,11.0,0.9629629629629629,1.2592592592592593,0.2222222222222222
Panama,35.0,55.0,50.0,17.0,7.0,11.0,1.5714285714285714,1.4285714285714286,0.4857142857142857
Papua New Guinea,14.0,20.0,25.0,5.0,5.0,4.0,1.4285714285714286,1.7857142857142858,0.35714285714285715
Paraguay,24.0,24.0,27.0,9.0,7.0,8.0,1.0,1.125,0.375
Peru,24.0,17.0,26.0,5.0,8.0,11.0,0.7083333333333334,1.0833333333333333,0.20833333333333334
Philippines,21.0,35.0,32.0,8.0,5.0,8.0,1.6666666666666667,1.5238095238095237,0.38095238095238093
Poland,27.0,45.0,40.0,12.0,6.0,9.0,1.6666666666666667,1.4814814814814814,0.4444444444444444
Portugal,28.0,62.0,29.0,16.0,7.0,5.0,2.2142857142857144,1.0357142857142858,0.5714285714285714
Puerto Rico,18.0,31.0,29.0,7.0,4.0,7.0,1.7222222222222223,1.6111111111111112,0.3888888888888889
Qatar,35.0,51.0,54.0,14.0,9.0,12.0,1.457142857142857,1.542857142857143,0.4
Republic of Ireland,24.0,27.0,29.0,10.0,6.0,8.0,1.125,1.2083333333333333,0.4166666666666667
Romania,27.0,44.0,31.0,11.0,7.0,9.0,1.6296296296296295,1.1481481481481481,0.4074074074074074
Russia,17.0,41.0,10.0,11.0,4.0,2.0,2.411764705882353,0.5882352941176471,0.6470588235294118
Rwanda,18.0,14.0,20.0,6.0,3.0,9.0,0.7777777777777778,1.1111111111111112,0.3333333333333333
Saint Kitts and Nevis,21.0,38.0,43.0,10.0,3.0,8.0,1.8095238095238095,2.0476190476190474,0.47619047619047616
Saint Lucia,13.0,14.0,36.0,4.0,1.0,8.0,1.0769230769230769,2.769230769230769,0.3076923076923077
Saint Martin,12.0,17.0,23.0,5.0,0.0,7.0,1.4166666666666667,1.9166666666666667,0.4166666666666667
Saint Vincent and the Grenadines,23.0,48.0,31.0,12.0,4.0,7.0,2.0869565217391304,1.3478260869565217,0.5217391304347826
Samoa,10.0,12.0,30.0,4.0,0.0,6.0,1.2,3.0,0.4
San Marino,22.0,11.0,62.0,2.0,3.0,17.0,0.5,2.8181818181818183,0.09090909090909091
Saudi Arabia,44.0,50.0,44.0,19.0,11.0,14.0,1.1363636363636365,1.0,0.4318181818181818
Scotland,26.0,36.0,38.0,10.0,4.0,12.0,1.3846153846153846,1.4615384615384615,0.38461538461538464
Senegal,35.0,73.0,19.0,26.0,6.0,3.0,2.085714285714286,0.5428571428571428,0.7428571428571429
Serbia,25.0,23.0,28.0,9.0,7.0,9.0,0.92,1.12,0.36
Seychelles,8.0,2.0,39.0,0.0,0.0,8.0,0.25,4.875,0.0
Shetland,3.0,4.0,5.0,0.0,2.0,1.0,1.3333333333333333,1.6666666666666667,0.0
Sierra Leone,17.0,20.0,27.0,5.0,5.0,7.0,1.1764705882352942,1.588235294117647,0.29411764705882354
Singapore,23.0,35.0,43.0,8.0,5.0,10.0,1.5217391304347827,1.8695652173913044,0.34782608695652173
Sint Maarten,10.0,13.0,22.0,5.0,2.0,3.0,1.3,2.2,0.5
Slovakia,27.0,37.0,32.0,13.0,4.0,10.0,1.3703703703703705,1.1851851851851851,0.48148148148148145
Slovenia,27.0,27.0,27.0,9.0,13.0,5.0,1.0,1.0,0.3333333333333333
Solomon Islands,16.0,18.0,40.0,3.0,0.0,13.0,1.125,2.5,0.1875
Somalia,12.0,6.0,22.0,1.0,3.0,8.0,0.5,1.8333333333333333,0.08333333333333333
South Africa,34.0,53.0,28.0,14.0,15.0,5.0,1.5588235294117647,0.8235294117647058,0.4117647058823529
South Korea,31.0,59.0,30.0,18.0,9.0,4.0,1.903225806451613,0.967741935483871,0.5806451612903226
South Sudan,17.0,10.0,30.0,1.0,6.0,10.0,0.5882352941176471,1.7647058823529411,0.058823529411764705
Spain,29.0,77.0,26.0,21.0,7.0,1.0,2.6551724137931036,0.896551724137931,0.7241379310344828
Sri Lanka,19.0,14.0,21.0,6.0,5.0,8.0,0.7368421052631579,1.105263157894737,0.3157894736842105
Sudan,25.0,15.0,27.0,6.0,8.0,11.0,0.6,1.08,0.24
Suriname,23.0,35.0,25.0,9.0,7.0,7.0,1.5217391304347827,1.0869565217391304,0.391304347826087
Sweden,24.0,47.0,38.0,12.0,3.0,9.0,1.9583333333333333,1.5833333333333333,0.5
Switzerland,28.0,53.0,30.0,12.0,11.0,5.0,1.8928571428571428,1.0714285714285714,0.42857142857142855
Syria,27.0,43.0,26.0,12.0,8.0,7.0,1.5925925925925926,0.9629629629629629,0.4444444444444444
São Tomé and Príncipe,10.0,6.0,21.0,1.0,2.0,7.0,0.6,2.1,0.1
Tahiti,9.0,10.0,14.0,4.0,1.0,4.0,1.1111111111111112,1.5555555555555556,0.4444444444444444
Taiwan,14.0,16.0,42.0,2.0,0.0,12.0,1.1428571428571428,3.0,0.14285714285714285
Tajikistan,23.0,31.0,24.0,10.0,5.0,8.0,1.3478260869565217,1.0434782608695652,0.43478260869565216
Tamil Eelam,3.0,11.0,1.0,3.0,0.0,0.0,3.6666666666666665,0.3333333333333333,1.0
Tanzania,30.0,23.0,33.0,6.0,8.0,16.0,0.7666666666666667,1.1,0.2
Thailand,32.0,65.0,36.0,18.0,6.0,8.0,2.03125,1.125,0.5625
Tibet,2.0,4.0,10.0,0.0,0.0,2.0,2.0,5.0,0.0
Timor-Leste,14.0,11.0,38.0,3.0,1.0,10.0,0.7857142857142857,2.7142857142857144,0.21428571428571427
Togo,18.0,16.0,25.0,4.0,6.0,8.0,0.8888888888888888,1.3888888888888888,0.2222222222222222
Tonga,4.0,5.0,8.0,1.0,0.0,3.0,1.25,2.0,0.25
Trinidad and Tobago,32.0,46.0,55.0,8.0,12.0,12.0,1.4375,1.71875,0.25
Tunisia,36.0,47.0,24.0,16.0,13.0,7.0,1.3055555555555556,0.6666666666666666,0.4444444444444444
Turkey,28.0,50.0,38.0,16.0,4.0,8.0,1.7857142857142858,1.3571428571428572,0.5714285714285714
Turkmenistan,11.0,16.0,16.0,5.0,1.0,5.0,1.4545454545454546,1.4545454545454546,0.45454545454545453
Turks and Caicos Islands,8.0,7.0,14.0,2.0,3.0,3.0,0.875,1.75,0.25
Uganda,23.0,28.0,32.0,11.0,3.0,9.0,1.2173913043478262,1.391304347826087,0.4782608695652174
Ukraine,27.0,40.0,40.0,13.0,5.0,9.0,1.4814814814814814,1.4814814814814814,0.48148148148148145
United Arab Emirates,33.0,49.0,35.0,12.0,11.0,10.0,1.4848484848484849,1.0606060606060606,0.36363636363636365
United States,35.0,57.0,49.0,17.0,4.0,14.0,1.6285714285714286,1.4,0.4857142857142857
United States Virgin Islands,10.0,15.0,20.0,2.0,4.0,4.0,1.5,2.0,0.2
Uruguay,29.0,32.0,22.0,9.0,14.0,6.0,1.103448275862069,0.7586206896551724,0.3103448275862069
Uzbekistan,29.0,40.0,18.0,15.0,11.0,3.0,1.3793103448275863,0.6206896551724138,0.5172413793103449
Vanuatu,15.0,19.0,38.0,5.0,2.0,8.0,1.2666666666666666,2.533333333333333,0.3333333333333333
Venezuela,24.0,26.0,36.0,7.0,6.0,11.0,1.0833333333333333,1.5,0.2916666666666667
Vietnam,26.0,48.0,37.0,14.0,2.0,10.0,1.8461538461538463,1.4230769230769231,0.5384615384615384
Wales,23.0,37.0,27.0,9.0,9.0,5.0,1.608695652173913,1.173913043478261,0.391304347826087
Western Isles,2.0,3.0,4.0,0.0,1.0,1.0,1.5,2.0,0.0
Yemen,15.0,31.0,18.0,5.0,5.0,5.0,2.066666666666667,1.2,0.3333333333333333
Ynys Môn,2.0,2.0,0.0,2.0,0.0,0.0,1.0,0.0,1.0
Zambia,22.0,16.0,34.0,5.0,6.0,11.0,0.7272727272727273,1.5454545454545454,0.22727272727272727
Zanzibar,4.0,4.0,2.0,3.0,0.0,1.0,1.0,0.5,0.75
Zimbabwe,24.0,22.0,30.0,5.0,8.0,11.0,0.9166666666666666,1.25,0.20833333333333334
